gv,7
jabber2,5
x.org,5
webwiz,4
clamav,4
apache,4
websitebaker,4
xiph,4
sixapart,4
preproject,4
cloudfoundry,4
phpmychat,4
phpb2b,4
ewebquiz,4
libexif,4
3ssmart,4
xchat,3
exo,3
deluge,3
w1.fi,3
sleuthkit,3
buffaloinc,3
varnishcache,3
curl,3
freerealty,3
mylittleforum,3
jonathonfreeman,3
trac,3
mrbs,3
provos,3
xensource,3
fedora,3
hypermail,3
gallery,3
ajhyip,3
ghisler,3
bluecoat,3
xine,3
mambo,3
phpalbum,3
bloo,3
magento,3
mplayer2,3
ultraedit,3
1024cms,3
mortbay,3
southriver,3
ktools,3
mageia.org,3
phpwiki,3
slmail,3
microsft,3
telaxus,3
python,3
unbound,3
arabless,3
emc,3
mono,3
bluedragon,3
lms,3
zencart,3
sage,3
scriptsfrenzy,3
trillian,3
katywhitton,3
interact,3
misp,3
dojotoolkit,3
gnome,3
nucleuscms,3
simpgb,3
ichitaro,3
raidenftpd,3
totalonlinesolutions,3
snort,3
chneiderelectric,3
dbsoftlab,3
aspapps,3
google,3
s9y,3
maianrecipe,3
btiteam,3
cat,3
netartmedia,3
phpnuke,3
rxvt,2
mysql,2
rubygems,2
h+h,2
n13news,2
saxon,2
ssmtp,2
mpg123,2
connman,2
gomlab,2
exim,2
terachartsproject,2
fusionphp,2
icq,2
alcatel,2
ecshop,2
izarc,2
leptoncms,2
alliedtelesis,2
stoverud,2
latex2rtf,2
gravityboardx,2
w3m,2
cactushop,2
tug,2
borland,2
zziplib,2
skype,2
libssh,2
wgcc,2
newsboard,2
pluck,2
kgb,2
tamu,2
bluez,2
unreal,2
fishnet,2
hylafax,2
chamanet,2
rsync,2
asg,2
fusetalk,2
twibright,2
servu,2
libtom,2
castor,2
hacksoft,2
nelogic,2
aiocp,2
kmint21,2
allenthusiast,2
robschultz,2
ckeditor,2
aflog,2
linuxha,2
xnview,2
real,2
adcon,2
adalis,2
webbdomain,2
winny,2
mmforum,2
truelogik,2
libzip2,2
tor,2
sqlledger,2
michaellamont,2
efiction,2
ntteast,2
tinyproxy,2
moernaut,2
saralblog,2
clipbucket,2
drusus,2
fish,2
xlightftpd,2
phplivesupport,2
genixcms,2
wolfcms,2
ratbox,2
sumeffect,2
eyeos,2
chromium,2
netpbm,2
appneta,2
wikiwig,2
joomla,2
watchguard,2
wolfram,2
myfirewallplus,2
digium,2
crear,2
socat,2
openwebmail,2
chaozz,2
wiki,2
knotdns,2
chiyu,2
vba32,2
avast,2
couriermta,2
avantforce,2
internetscout,2
vdr,2
aria,2
eliteboard,2
phpmailer,2
gecad,2
cakephp,2
mirion,2
dbus,2
clearswift,2
emuleplus,2
morequick,2
xstream,2
zoph,2
seasar,2
tinc,2
twilightcms,2
noah,2
ajaxsoftwares,2
modernbill,2
xajax,2
softcart,2
ircu,2
csphere,2
libesmtp,2
sellatsite,2
textsend,2
flatnuke,2
netrisk,2
caupo,2
cuttlefish,2
rarlab,2
icab,2
iii,2
opennms,2
zpanel,2
fastjar,2
webcalendar,2
cherokee,2
wordnet,2
dokeos,2
teamst,2
itcms,2
winamp,2
alienvault,2
winace,2
pagure,2
planetluc,2
tecnick,2
xpdf,2
gforge,2
smb4k,2
id,2
morcego,2
plumecms,2
cmproteam,2
427bb,2
musicbox,2
streber,2
borg,2
netapp,2
microtik,2
nexusphp,2
memcached,2
technote,2
bblog,2
libtiff,2
xperience,2
ephiphanyheathdata,2
geeklog,2
horde,2
reviewscript,2
elastix,2
phsdev,2
sogo,2
puppet,2
czaries,2
sahana,2
asus,2
jaxbot,2
nessus,2
vnc,2
finecms,2
quixplorer,2
berkeley,2
pnews,2
quiksoft,2
arm,2
ocean12tech,2
univert,2
apport,2
optipng,2
7zip,2
sandisk,2
ansible,2
castlerock,2
eschew,2
gazatem,2
phpthumb,2
tutos,2
libvncserver,2
weechat,2
giombetti,2
wwwcount,2
opera,2
express,2
shim,2
jjwdesign,2
chicomas,2
libbpg,2
squid,2
downloadmanager,2
obm,2
fontforge,2
xscreensaver,2
openssl,2
hexchat,2
drbenhur,2
fuse,2
bearshare,2
razerone,2
dameware,2
symphonycms,2
rssh,2
browserweb,2
8pixel,2
lfs,2
sup,2
zeeways,2
litespeedtech,2
xfire,2
shadowedworks,2
raytheon,2
kingsoft,2
theratcms,2
vim,2
hola,2
antiword,2
acme,2
nssldap,2
metinfo,2
bea,2
acgvnews,2
mosquitto,2
pgp,2
sarg,2
eset,2
bestpractical,2
palace,2
taglib,2
semanticscuttle,2
guppy,2
mcgallery,2
fenrir,2
oliver,2
opensuse,2
libpng,2
vamshop,2
hesk,2
drweb,2
docebo,2
humax,2
ettercap,2
scoop,2
trixbox,2
cacti,2
ntop,2
aspcms,2
whisper,2
etax.nta,2
esignal,2
happycgi,2
kryo,2
mybb,2
donho,2
aas9,2
webglimpse,2
sipp,2
o2php,2
gonafish,2
magmi,2
linux,2
robloach,2
vtun,2
craftysyntax,2
whmcs,2
arvidn,2
simplephpagenda,2
shemes,2
availscript,2
postrev,2
rapid7,2
badblue,2
intermesh,2
ilias,2
cerberus,2
sane,2
gnuplot,2
tonec,2
allegro,2
imager,2
mxbb,2
rssowl,2
ubuntu,2
lxlabs,2
gstreamer,2
flashblog,2
brickhost,2
extrosoft,2
subtext,2
grayscale,2
akamai,2
kalptarudemos,2
eterm,2
ikonboard,2
postnuke,2
yiisoftware,2
proftpd,2
webdav,2
imagemagick,2
zomp,2
kaspersky,2
xerver,2
prosearch,2
myiosoft,2
grigoriadis,2
yardradius,2
zenhelpdesk,2
numara,2
phppc,2
aguestbook,2
jquery,2
webasyst,2
dxm2008,2
invisionpower,2
moinmo,2
ezonemedia,2
mantis,2
phppgadmin,2
ortro,2
mobilesecure,2
dinkumsoft,2
bedita,2
putty,2
hiox,2
siteframe,2
2wire,2
firebird,2
busybox,2
pamssh,2
artica,2
solmetra,2
zte,2
icdevgroup,2
offl,2
file,2
phpcoin,2
caucho,2
twitter,2
elastic,2
martinwood,2
git,2
googledocembedder,2
woothemes,2
mxmania,2
washingtonuniversity,2
buzzywall,2
phpwebsite,2
pancake,2
bogofilter,2
nctsoft,2
acunetix,2
qbik,2
nginx,2
lg,2
csound,2
flip,2
vastal,2
ngircd,2
mrcgiguy,2
oxid,2
lyris,2
3dftp,2
3ssoftware,2
activewebsoftwares,2
adnforum,2
agaresmedia,2
ajsquare,2
allendiskproject,2
altn,2
apachefriends,2
arabportal,2
arbornetworks,2
arubanetworks,2
aspindir,2
aspsiteware,2
automatedsolutions,2
avscripts,2
baalsystems,2
barracudanetworks,2
bjsintay,2
blackice,2
blairwilliams,2
blogcms,2
blogatorscript,2
bradfordnetworks,2
brothersoft,2
bsdperimeter,2
btitracker,2
callcentersoftware,2
carboncommunities,2
ceruleanstudios,2
cgirescue,2
chipmunkscripts,2
choicewireless,2
cjdesign,2
clawsmail,2
clusterresources,2
cmsfaethon,2
cmsmadesimple,2
coreftp,2
cowonamerica,2
creloaded,2
cruxsoftware,2
dlink,2
designforjoomla,2
developiteasy,2
diangemilang,2
digitalhive,2
directnews,2
djangoproject,2
dteenergy,2
ephpscripts,2
easycms,2
easyscripts,2
emoncms,2
epicgames,2
erikwebb,2
ezbsystems,2
fedoraproject,2
fldsscript,2
focussis,2
foxit,2
foxitsoftware,2
frankkarau,2
frankmancuso,2
freedownloadmanager,2
freelanceauction,2
fujixerox,2
fullrevolution,2
futurenuke,2
gasoft,2
galleryproject,2
goodtechsystems,2
grafxsoftware,2
haroldbakker,2
helpcenterlive,2
hotspotexpress,2
iodata,2
idautomation,2
igniterealtime,2
impliedbydesign,2
indexscript,2
inoutscripts,2
insanevisions,2
internetsoft,2
intersectalliance,2
iyziforum,2
jasig,2
jbmcsoftware,2
joachimruhs,2
keilsoftware,2
kyoceramita,2
laytontechnology,2
ldapaccountmanager,2
lesterchan,2
levelteninteractive,2
linuxwebshop,2
littlecms,2
lorextechnology,2
maianscriptworld,2
mariovaldez,2
matteolucarelli,2
mhproducts,2
microfocus,2
midnightcommander,2
mispproject,2
mitsubishielectric,2
modsecurity,2
molegroup,2
monoproject,2
multitech,2
nchsoftware,2
neojapan,2
newatlanta,2
nicholasthompson,2
nlnetlabs,2
opensolution,2
openclassifieds,2
openemr,2
openftpd,2
orbitdownloader,2
otslabs,2
ourvideocms,2
phd,2
pablosoftwaresolutions,2
pacosdrivers,2
paloaltonetworks,2
pammysql,2
pandasecurity,2
parkviewconsultants,2
pctools,2
phoenixcontact,2
phparena,2
phpbluedragon,2
phpdirector,2
phpdirectorysource,2
phpfusion,2
phphandicapper,2
phpheaven,2
phpicalendar,2
phpjabbers,2
phpkobo,2
phplinkdirectory,2
phpmultiplenewsletters,2
phpprobid,2
phpsurveyor,2
phpwebscripts,2
phpwebquest,2
phpcollab,2
phppost,2
phpstats,2
phpsugar,2
phpbbxs,2
phpbbportal,2
pilotgroup,2
plainblack,2
pocketpc,2
podsfoundation,2
pragmaticutopia,2
preprojects,2
prochatrooms,2
publicwarehouse,2
pulpproject,2
puppetmaster,2
quickheal,2
ravenphpscripts,2
redhat,2
rockwellautomation,2
schneiderelectric,2
scriptsforsites,2
securecomputing,2
sierrawireless,2
simpleinvoices,2
simplemachines,2
skullsplitter,2
socialengine,2
softwebsnepal,2
sourceworkshop,2
sqlitemanager,2
svendecabooter,2
tftgallery,2
tgscms,2
thekelleys,2
thenetguys,2
tinyportal,2
tipsandtrickshq,2
toddwoolums,2
trendmicro,2
truzone,2
turnkeywebtools,2
ultrashareware,2
utopiasoftware,2
v3chat,2
valvesoftware,2
visicommedia,2
vpasp,2
w3bcms,2
wecon,2
webapp.net,2
webdorado,2
webmediaexplorer,2
wimleers,2
wpstatistics,2
wsnlinks,2
xzeroscripts,2
yblog,2
zakongroup,2
