kde,4
phpmychat,4
jquery,2
suitecrm,2
odyn,2
libexif,4
docebo,2
xpdf,2
xfire,2
fuse,4
mailsite,2
linuxwebshop,3
mpg123,3
qualityunit,3
gnu,12
ownrs,2
maran,6
iwork,3
radscan,2
fscripts,2
ewebquiz,4
mystats,3
optipng,3
youtubeblog,2
fish,2
ximian,4
nucleuscms,3
sogo,2
zeuscart,3
cgi.pm,2
zoneosoft,4
mylittleforum,3
aeon,2
wwwcount,2
jetty,4
phpcoin,2
aliacom,3
clipbucket,2
redhat,23
flexbb,2
apple,3
duda,2
proxy2,2
gomlab,2
phpalbum,3
latex2rtf,2
xnview,5
mynews,5
nexusphp,3
ubertec,3
sitebuilder,2
jenkins,2
directadmin,3
webtitan,2
rxvt,2
simpleforum,4
phpay,2
x7chat,2
tin,2
apache,5
ubuntu,3
aflog,2
awstats,2
curl,5
saxon,2
davfs2,2
vtun,2
rifatkurban,2
lxlabs,2
pan,2
lhaz,2
ezcontents,2
alguest,2
bluez,2
myspeach,2
twilightcms,2
typo3,2
polipo,2
acgvnews,2
castor,2
rbl,2
appneta,2
trac,4
centreon,2
cosmoshop,2
chicomas,3
tftpd32,2
zoph,2
apmuthu,2
x10media,2
phpmyring,2
phpticket,8
bedita,2
git,3
clamav,4
appstate,3
newsboard,2
mambo,5
asg,2
flatchat,2
meo,2
mplayer,3
dojotoolkit,3
aspcms,2
zomp,2
rssh,2
mtcms,2
artifex,3
eudora,2
ircu,2
ettercap,2
esmartcart,3
exophpdesk,3
battleblog,2
atomicphotoalbum,2
libbpg,3
scoop,2
widgetmonkey,4
sitex,3
banu,3
mumble,2
hypermail,3
ratbox,2
aspproductcatalog,2
danfletcher,2
qmail,2
phpechocms,2
wikiwig,2
efiction,2
getid3,5
pgp,2
dbus,4
zencart,3
cherokee,2
arabless,3
geeklog,2
magento,5
libtiff,3
eccube,2
atmail,2
netpbm,2
bandsitecms,4
truelogik,2
websitebaker,4
fastjar,2
qemu,3
apport,2
hesk,2
idevspot,2
wolfcms,2
ecart,2
webwizforums,6
yarck,2
watchguard,2
yourplace,2
puppet,3
winamp,2
ids,2
blogphp,5
bloo,3
talkback,3
betella,2
ktorrent,2
putty,2
pear,3
exim,2
wpeasycart,2
raidenhttpd,2
libtorrent,3
jbrowser,2
kgb,2
tigris,3
intouch,3
donho,2
modsurvey,2
liqua,3
plupload,2
fckeditor,3
libgadu,2
xine,2
ncsa,2
symphonycms,2
cscart,2
tinc,2
w1l3d4,2
metinfo,2
gforge,2
nginx,2
abiword,2
elastix,2
berlios,2
opensiteadmin,2
avalonnet,3
atom,2
eggblog,3
truc,2
zenhelpdesk,2
taglib,2
dompdf,2
twitter,2
kth,5
aspapps,3
zpanel,2
rssowl,2
aiocp,2
sup,2
memcached,2
sportslo,2
myblog,3
flip,3
creabook,2
oicgroup,2
yappang,4
2enetworx,2
myfirewallplus,2
jafcms,2
dgnews,3
bearshare,2
alibaba,2
interact,4
slmail,3
xforum,2
deluge,3
ngircd,2
aguestbook,2
antiword,2
sleuthkit,3
noah,2
geoblog,2
eannu,2
vim,2
phpguestbook,3
mono,3
krishan,2
gravityboardx,2
imwheel,2
dforum,3
osdate,3
maxcms,3
chamanet,2
connman,2
phpmailer,2
ichitaro,3
benwebb,2
igshop,2
libesmtp,2
w3m,2
dovecot,2
openconferencesystems,2
ftpd,3
firebird,2
moxi9,2
zoidcom,2
sipp,2
totalonlinesolutions,3
unix,4
knotdns,2
martinwood,2
eliteboard,2
finecms,2
maxsite,2
sms,2
lacaveprods,2
eterm,2
chromium,2
jaxbot,2
openblog,2
fontforge,3
cubecart,2
contentnow,2
mtr,2
mnews,2
livecart,2
postnuke,3
lynx,2
shopscript,3
matrixssl,2
sitexscms,2
ecshop,2
pamssh,2
atutor,2
availscript,2
servu,3
trixbox,2
phpfootball,2
wiki,3
qbik,2
getahead,2
seguecms,2
csound,2
festic,3
dropbox,2
onenews,2
baidu,2
chetcpasswd,2
guppy,2
eyeos,2
myphppagetool,2
cygnux,2
neon,3
opial,3
jetaudio,3
somery,2
phpwiki,3
webwork,2
mpcs,2
fusetalk,4
s9y,3
phpforge,2
ebay,2
vegadns,2
selomofori,2
magpierss,2
libvncserver,2
wordnet,2
aroundme,2
sirini,2
xterm,3
fusionphp,2
inn,2
dji,2
bytehoard,2
auracms,2
thepeak,4
etl,2
buzzywall,2
snort,3
nicolaasuni,2
tamu,2
cuteflow,2
fishnet,2
pdshoppro,2
mrbs,3
ifdefined,2
localcalendarsystem,2
phplist,3
emcdantz,3
ffftp,2
xstream,2
xscreensaver,2
parodia,3
basercms,2
squid,2
opennms,2
mxbb,2
vbseo,2
intermesh,2
plumecms,2
denyhosts,2
ansible,2
tapatalk,2
quixplorer,2
konst,2
geneweb,2
shim,2
iatek,2
teamst,2
catdoc,2
bscw,2
miniportal,2
newsx,2
xajax,2
gastebuch,3
edittag,2
icab,2
rxvtunicode,2
csphere,2
musicbox,2
jjgan852,2
gamearena,2
codegrrl,2
anl,2
mybb,2
myupb,2
maianrecipe,3
osclass,2
freepbx,2
webnews,4
phphoo3,2
robloach,2
68k,2
ptlink,2
iexpress,2
tutos,2
sahana,2
libpampgsql,2
phpauction,2
thomaspequet,2
deskpro,2
sage,3
subsonic,2
netdns,4
sqlledger,2
elgg,2
easyscripts,3
davistribe,3
toddrogers,2
elog,2
winace,2
a51dev,2
ortro,2
unreal,2
phpwcms,2
kmrgitb,2
opera,2
lbstone,2
gnuplot,2
phsdev,2
xwine,2
3dsrc,2
jelsoft,3
textsend,2
rssreader,3
snews,2
softwin,2
shttpd,2
rwcinc,3
ovbb,3
vdr,3
qt,3
w1.fi,3
pluck,2
boost,2
glarotech,2
powerzip,2
imagemagick,2
cakephp,2
smartblog,2
btiteam,3
theratcms,2
ssmtp,2
skbuff,2
mybic,2
akocomment,2
phppost,3
phpnuke,4
gtetrinet,2
mmforum,2
skype,3
imlib,2
robschultz,3
chapi,2
flexense,2
ban,2
cantico,2
woothemes,2
phpmyvisites,2
hola,2
xiph,3
productcart,2
iscsitarget,2
abeel,3
eitsop,2
safehtml,2
libsoup,2
drusus,2
n13news,2
worksystemecommerce,2
wgcc,2
gplhost,2
phpeasycode,2
f3site,2
tug,2
tinyserver,2
ttcms,2
subtext,2
jabber2,3
imager,2
mimedefang,2
simpnews,5
pnews,2
phpquiz,2
sane,2
aas9,2
phplive,2
xcms,2
smb4k,2
ikonboard,2
morcego,2
mosquitto,2
cmproteam,2
aria,2
busybox,2
phpns,2
emuleplus,2
ilias,2
deongeorge,2
icq,3
siege,2
exiv2,2
jbook,2
easymoblog,2
dcpportal,2
mageia,3
husrev,2
h+h,2
phportal,4
cacti,2
winny,2
simplepoll,2
whmcs,2
olbookmarks,2
openwebmail,2
link3,3
psnews,2
moinmo,2
phpraider,4
trillian,3
hashcash,2
darkwet,2
rmake,2
conexware,2
triornis,2
netrisk,2
ni,2
ocaml,2
itcms,2
mysql,2
adaptweb,2
ghisler,3
aspmforum,2
vnc,2
chatness,2
express,2
nssldap,2
amunak,2
misp,3
alsaplayer,2
digium,2
phpthumb,2
dmcms,2
mantis,2
bitchx,2
photokorn,3
pfsense,3
sblog,2
zixforum,2
avantforce,2
trendmicro,3
xerver,2
breach,3
systrace,3
sysaid,2
zziplib,2
1024cms,3
hacksoft,2
7zip,2
webftp,2
kryo,2
ziproxy,2
coolplayer,2
yardradius,2
mirc,2
bftpd,3
oscommerce,2
grpc,3
bogofilter,2
snoopy,2
webcart,2
phpscms,2
socat,2
dmsguestbook,2
ravenphpscripts,3
phpcart,2
hylafax,2
punbb,2
izarc,2
jobline,2
craftysyntax,2
mvnforum,2
ralphcapper,2
light,2
wiccle,2
esyndicat,2
alibabaclone,2
borg,2
streber,2
modernbill,2
vamshop,2
hexchat,2
genixcms,2
phpee,2
pheap,2
gstreamer,2
weechat,2
nessus,2
osh,2
prosearch,2
lfs,2
ypninc,2
dokeos,2
lightblog,3
saralblog,2
phppc,2
badblue,2
catviz,2
lesvisiteurs,2
xperience,2
technote,2
esignal,2
pagure,2
kwsphp,2
kailashnadh,2
phpbb,2
app,2
faqomatic,2
lms,2
shttp,2
nec,2
postrev,2
inpsyde,2
phpkobo,3
gradman,2
phppgadmin,2
pearlabs,2
flashblog,2
scriptsez.net,2
journalness,2
chef,2
xatrix,2
guildftpd,2
satan,2
kynoslogic,2
python,2
xlightftpd,2
fireftp,2
vwebmail,2
tor,2
libtom,2
softcart,2
oliver,2
zeroboard,2
netikus,2
chmlib,2
ventrian,2
proftpd,2
dnsmasq,3
mcgallery,2
shadowedworks,2
qbnz,2
loudblog,2
ryoohki,2
nashtech,2
ntop,2
abuse,2
punkbuster,2
3dftp,2
3ssoftware,2
activewebsoftwares,2
adnforum,2
agaresmedia,2
ajsquare,2
allendiskproject,2
altn,2
apachefriends,2
arabportal,2
arbornetworks,2
arubanetworks,2
aspindir,2
aspsiteware,2
automatedsolutions,2
avscripts,2
baalsystems,2
barracudanetworks,2
bjsintay,2
blackice,2
blairwilliams,2
blogcms,2
blogatorscript,2
bluecoat,2
bradfordnetworks,2
brothersoft,2
bsdperimeter,2
btitracker,2
callcentersoftware,2
carboncommunities,2
ceruleanstudios,2
cgirescue,2
chipmunkscripts,2
choicewireless,2
cjdesign,2
clawsmail,2
cloudfoundry,2
clusterresources,2
cmsfaethon,2
cmsmadesimple,2
coreftp,2
cowonamerica,2
creloaded,2
cruxsoftware,2
dlink,2
dbsoftlab,2
designforjoomla,2
developiteasy,2
diangemilang,2
digitalhive,2
directnews,2
djangoproject,2
dteenergy,2
ephpscripts,2
easycms,2
emoncms,2
epicgames,2
erikwebb,2
ezbsystems,2
fedoraproject,2
fldsscript,2
focussis,2
foxit,2
foxitsoftware,2
frankkarau,2
frankmancuso,2
freedownloadmanager,2
freelanceauction,2
fujixerox,2
fullrevolution,2
futurenuke,2
gasoft,2
galleryproject,2
goodtechsystems,2
grafxsoftware,2
haroldbakker,2
helpcenterlive,2
hotspotexpress,2
iodata,2
idautomation,2
igniterealtime,2
impliedbydesign,2
indexscript,2
inoutscripts,2
insanevisions,2
internetsoft,2
intersectalliance,2
iyziforum,2
jasig,2
jbmcsoftware,2
joachimruhs,2
katywhitton,2
keilsoftware,2
kyoceramita,2
laytontechnology,2
ldapaccountmanager,2
lesterchan,2
levelteninteractive,2
littlecms,2
lorextechnology,2
maianscriptworld,2
mariovaldez,2
matteolucarelli,2
mhproducts,2
microfocus,2
midnightcommander,2
mispproject,2
mitsubishielectric,2
modsecurity,2
molegroup,2
monoproject,2
multitech,2
nchsoftware,2
neojapan,2
netartmedia,3
newatlanta,2
nicholasthompson,2
nlnetlabs,2
opensolution,2
openclassifieds,2
openemr,2
openftpd,2
orbitdownloader,2
otslabs,2
ourvideocms,2
phd,2
pablosoftwaresolutions,2
pacosdrivers,2
paloaltonetworks,2
pammysql,2
pandasecurity,2
parkviewconsultants,2
pctools,2
phoenixcontact,2
phparena,2
phpbluedragon,2
phpdirector,2
phpdirectorysource,2
phpfusion,2
phphandicapper,2
phpheaven,2
phpicalendar,2
phpjabbers,2
phplinkdirectory,2
phpmultiplenewsletters,2
phpprobid,2
phpsurveyor,2
phpwebscripts,2
phpwebquest,2
phpcollab,2
phpstats,2
phpsugar,2
phpbbxs,2
phpbbportal,2
pilotgroup,2
plainblack,2
pocketpc,2
podsfoundation,2
pragmaticutopia,2
preprojects,2
prochatrooms,2
publicwarehouse,2
pulpproject,2
puppetmaster,2
quickheal,2
rockwellautomation,2
schneiderelectric,2
scriptsforsites,2
scriptsfrenzy,2
securecomputing,2
sierrawireless,2
simpleinvoices,2
simplemachines,2
sixapart,2
skullsplitter,2
socialengine,2
softwebsnepal,2
sourceworkshop,2
sqlitemanager,2
svendecabooter,2
tftgallery,2
tgscms,2
thekelleys,2
thenetguys,2
tinyportal,2
tipsandtrickshq,2
toddwoolums,2
truzone,2
turnkeywebtools,2
ultrashareware,2
utopiasoftware,2
v3chat,2
valvesoftware,2
visicommedia,2
vpasp,2
w3bcms,2
wecon,2
webapp.net,2
webwiz,2
webdorado,2
webmediaexplorer,2
wimleers,2
wpstatistics,2
wsnlinks,2
xzeroscripts,2
yblog,2
zakongroup,2