nucleuscms;nucleus_cms;2
sumeffect;digishop;2
bitcoinknots;bitcoin_knots;2
zenhelpdesk;zen_help_desk;2
musicbox;musicbox;2
chaozz;fubarforum;2
nctsoft;nctaudiostudio;2
nctsoft;nctaudioeditor;2
bscw;bscw;2
windows;skype;3
windows;open_xml_file_format_converter;2
mplayer;mplayer;2
bacula;bacula-web;2
rubygems;rubygems;2
katello;katello;2
provos;systrace;3
kgb;kgb;2
emc;alphastor;2
mxbb;mxbb_portal;2
mxbb;mxbb;2
sellatsite;smart_asp_survey;2
1024cms;1024_cms;2
amunak;blue_eye_cms;2
emuleplus;emule_plus;2
modernbill;modernbill;2
lhaplus;lhaplus;2
winamp;winamp;2
naviwebs;navigate_cms;2
xyhcms;xyhcms;2
3ssmart;codesys_gateway_server;2
3ssmart;codesys_runtime_toolkit;2
3ssmart;codesys_gateway-server;2
3ssmart;codesys_web_server;2
3ssmart;codesys;2
3ssmart;codesys_runtime_system;2
ghisler;total_commander;3
moernaut;lsrunase;2
moernaut;supercrypt;2
oliver;oliver;2
technote;technote;2
vxsearch;vx_search;2
internetscout;scout_portal_toolkit;2
ethercash;ethercash;2
ilm;openexr;2
watchguard;rapidstream;2
mingw;mingw-w64;2
quiksoft;easymail_objects;2
gecad;axigen_mail_server;2
sleuthkit;the_sleuth_kit;2
castor;castor;2
activetrade;active_trade;3
activetrade;active_time_billing;2
activetrade;active_business_directory;2
activetrade;active_auction_house;2
activetrade;quick_tree_view_.net;2
activetrade;active_ewebquiz;2
activetrade;active_web_mail;2
activetrade;active_membership;2
activetrade;active_link_engine;2
activetrade;aspreferral;2
activetrade;active_web_helpdesk;2
activetrade;activevotes;2
activetrade;activebuyandsell;2
activetrade;active_photo_gallery;2
activetrade;active_price_comparison;2
activetrade;ewebquiz;3
activetrade;active_bids;2
activetrade;active_force_matrix;2
activetrade;active_newsletter;2
activetrade;active_test;2
vamshop;vam_shop;2
bento4;bento4;2
postnuke;postnuke;2
postnuke;pnphpbb2;2
postnuke;pnphpbb;2
moinmo;moinmoin;2
seatlelabsoftware;slmail;3
flashblog;flashblog;2
zziplib;zziplib;2
hh;virtual_cd;2
phportal;phportal;3
phportal;blend_portal;2
btiteam;btitracker;3
btiteam;bti-tracker;2
bogofilter;bogofilter;2
wolfram;webmathematica;2
clamav;clamav;2
docebo;docebolms;2
mortbay;jetty;3
letodms;letodms;2
mirion;rds-31_itx_firmware;2
mirion;ipam_transmitter_f/dmc_2000_firmware;2
mirion;drm-1/2_firmware;2
gv;gv;2
gv;wget;2
gv;gnutls;2
gv;xemacs;2
gv;gcc;2
gv;gzip;2
gv;gimp;3
webbdomain;post_card;2
invisionpower;invision_power_board;2
sipp;sipp;2
mrbs;mrbs;2
telaxius;epesi;3
trixbox;trixbox;2
robschultz;media_player_classic;3
libvncserver;libvncserver;2
blogphp;blogphp;3
blogphp;adaptbb;2
blogphp;adaptcms;2
blogphp;adapcms;2
blogphp;onecms;2
phpalbum;phpalbum;2
ajhyip;aj_hyip;2
ajhyip;zeuscart;2
ajhyip;aj_auction;2
ajhyip;ajauction;2
ajhyip;aj_classifieds;2
ajhyip;aj_article;2
ajhyip;free_polling_script;2
ajhyip;aj_auction_pro-oopd;2
ajhyip;aj_shopping_cart;2
ajhyip;aj_matrix_dna;2
ajhyip;ajdating;2
bitcoin;bitcoin_core;2
pivotal;uaa-release;2
pivotal;cloud_foundry;2
pivotal;cloud_foundry_uaa_bosh;2
pivotal;operations_manager;2
pivotal;capi-release;5
pivotal;routing-release;3
pivotal;cloud_foundry_uaa;2
pivotal;cf-release;6
pivotal;spring_framework;2
pivotal;cloud_foundry_elastic_runtime;2
pivotal;spring_security_oauth;2
pivotal;cf-deployment;3
pivotal;bits_service;3
pivotal;bosh;3
pivotal;cf-networking;2
pivotal;cf-mysql-release;2
pivotal;garden-runc;2
pivotal;staticfile_buildpack;2
pivotal;loggregator;2
pivotal;cloud_foundry_loggregator;2
pivotal;diego;2
pivotal;php_buildpack;2
vnc;realvnc;2
mono;mono;3
mono;libgdiplus;2
etaxnta;e-tax;2
netrisk;netrisk;2
xiph;vorbis-tools;2
xiph;libvorbis;3
eonweb;eonweb;2
gravityboardx;gravity_board_x;2
snort;snort;2
git;git;2
nelogic;nephp_publisher;2
whmcs;whmcompletesolution;2
real;realplayer;2
cmproteam;clan_manager_pro;2
happycgi;happymall;2
fontforge;fontforge;2
ceph;ceph;2
elastic;x-pack;2
elastic;elasticsearch;2
phppgadmin;phppgadmin;2
xkbcommon;xkbcommon;2
x;libxfont;3
x;libxi;3
x;libxvmc;3
x;x.org;3
x;libxv;3
x;libxtst;3
x;libxfixes;3
x;x.org_x11;3
x;x11;3
x;libx11;3
x;libxrender;3
x;libxrandr;3
x;x11r6;3
x;xfree86;4
x;xdm;3
x;xterm;3
x;emu-linux-x87-xlibs;2
x;x_window_system;2
x;xf86dga;2
x;x_font_server;2
x;xload;2
x;xinit;2
x;xorg-server;2
x;xserver;2
x;mit-shm;2
x;tog-cup;2
x;xinput;2
x;x11r7;2
x;evi;2
dokeos;dokeos;2
woothemes;woocommerce;2
clearswift;mailsweeper;2
owl;photostore;2
netdns;net_dns;3
netdns;unbound;3
netdns;ldns;2
netdns;nsd;2
punkbuster;punkbuster;2
ckeditor;fckeditor;2
phpb2b;phpbb_plus;3
phpb2b;mutant;2
phpb2b;amazonia_mod;2
phpb2b;pjirc_module;2
phpb2b;supanav;2
phpb2b;123_flash_chat_module;2
phpb2b;ezboard_converter;2
phpb2b;tag_board;2
phpb2b;insert_user;2
phpb2b;phpbbmod;2
phpb2b;lat2cyr;2
phpb2b;searchindexer;2
phpb2b;spamblockermod;2
phpb2b;prillian_french;2
phpb2b;import_tools;2
phpb2b;phpbb;3
phpb2b;ip-tracking;2
phpb2b;toplist;2
phpb2b;garage;2
phpb2b;dimension;2
phpb2b;maluinfo;2
phpb2b;advanced_quick_reply_hack;2
phpb2b;ajax_shoutbox;2
phpb2b;phpbb++;2
phpb2b;module_xs;2
phpb2b;acp_user_registration_module;2
phpb2b;journals_system_module;2
eset;nod32_antivirus;2
contiking;contiki-ng;2
chetcpasswd;chetcpasswd;2
latex2rtf;latex2rtf;2
exo;exophpdesk;2
rubyzip;rubyzip;2
qemu;qemu;2
trillian;trillian;3
trillian;trillian_pro;2
justsystem;ichitaro_viewer;3
justsystem;ichitaro;3
justsystem;sanshiro;2
justsystem;hanako;2
truecrypt;truecrypt;2
totalonlinesolutions;advanced_webhost_billing_system;3
dbus;d-bus;2
squid;squid;2
redirection;redirection;2
titanhq;spamtitan;2
clipbucket;clipbucket;2
acunetix;web_vulnerability_scanner;2
shadowedworks;shadowed_portal;2
webwizguide;web_wiz_rich_text_editor;3
webwizguide;web_wiz_forums;4
webwizguide;site_news;2
webwizguide;web_wiz_newspad;2
webwizguide;rich_text_editor;2
webwizguide;newspad;2
webwizguide;journal;2
webwizguide;database_login;2
webwizguide;weekly_poll;2
hesk;hesk;2
ban;ban;2
wink;wink;2
wink;mod_jk;2
wink;tomcat;2
wink;spamassassin;2
dvdxplayer;dvd_x_player;2
streber;streber;2
hashcash;hashcash;2
ntop;ntop;2
putty;putty;2
aflog;aflog;2
downloadmanager;download_manager;2
xfig;xfig;2
knotdns;knot_dns;2
winny;winny;2
apport;apport;2
jabber2;jabberd2;3
shim;shim;2
browserweb;whizz;2
xrms;xrms_crm;2
katywhitton;newscmslite;2
raidenftpd;raidenftpd;2
raidenftpd;raidenhttpd;2
libexif;libexif;2
python;requests;2
netatalk;netatalk;2
picoflat;picoflat_cms;2
phpwebsite;phpwebsite;2
michaellamont;savant_webserver;2
vastal;dating_zone;2
vastal;mmorpg_zone;2
vastal;dvd_zone;2
vastal;phpvid;2
vastal;freelance_zone;2
chneiderelectric;modicon_plc_ethernet_module;3
chneiderelectric;vijeo_historian;2
chneiderelectric;bmxnoc0401;2
chneiderelectric;ia_series;2
chneiderelectric;bmep581020h;2
chneiderelectric;imp1110-1er;2
chneiderelectric;ime3122-1vi;2
chneiderelectric;ime219-1ep;2
chneiderelectric;homelynk_firmware;2
chneiderelectric;ime119-1ei;2
chneiderelectric;premium_ethernet_module_tsxety4103;2
chneiderelectric;kerwin;2
chneiderelectric;magelis_xbt_gtw_advanced_open_touchscreen_panel_firmware;2
chneiderelectric;bmep585040;2
chneiderelectric;m340_ethernet_module_bmxnoe0100;2
chneiderelectric;modbus_serial_driver;2
chneiderelectric;ime3122-1i_firmware;2
chneiderelectric;u.motion_builder;2
chneiderelectric;m340_ethernet_module_bmxnoe0110;2
chneiderelectric;ime119-1vp;2
chneiderelectric;ime119-1ei_firmware;2
chneiderelectric;bmep583040_firmware;2
chneiderelectric;premium_ethernet_module_tsxp572634m;2
chneiderelectric;140cra312xxx_firmware;2
chneiderelectric;imp319-1e_firmware;2
chneiderelectric;somachine;2
chneiderelectric;unity_pro;2
chneiderelectric;twidosuite;2
chneiderelectric;modicon_m251_firmware;2
chneiderelectric;floating_license_manager;2
chneiderelectric;ibps110-1er;2
chneiderelectric;ime3122-1ep_firmware;2
chneiderelectric;ime119-1vs;2
chneiderelectric;citecthistorian;2
chneiderelectric;imes19-1es;2
chneiderelectric;wonderware_historian;2
chneiderelectric;tsxetg3021;2
chneiderelectric;bmxp3420302cl;2
chneiderelectric;ixe21_firmware;2
chneiderelectric;ime219-1vi;2
chneiderelectric;wonderware_intouch;2
chneiderelectric;imes19-1i;2
chneiderelectric;d6220_firmware;2
chneiderelectric;ime119-1p;2
chneiderelectric;m340_ethernet_module_bmxp342030;2
chneiderelectric;tsxetg100;2
chneiderelectric;bmep583020;2
chneiderelectric;struxureware_building_expert_mpm;2
chneiderelectric;driver_suite;2
chneiderelectric;d6230l;2
chneiderelectric;imps110-1er;2
chneiderelectric;ime219-1s;2
chneiderelectric;tsxetg3000;2
chneiderelectric;ecostruxure_energy_expert;2
chneiderelectric;bmxp3420102cl;2
chneiderelectric;ime3122-1es_firmware;2
chneiderelectric;bmeh586040c;2
chneiderelectric;bmxnor0200h;2
chneiderelectric;bmxp341000;2
chneiderelectric;d6230_firmware;2
chneiderelectric;ime319-1ei;2
chneiderelectric;modicon_m340;2
chneiderelectric;tsxetg100_firmware;2
chneiderelectric;ime3122-b1i;2
chneiderelectric;spacelynk;2
chneiderelectric;ime3122-b1s;2
chneiderelectric;d6230;2
chneiderelectric;bmxpra0100;2
chneiderelectric;smart-ups_srt_5kva;2
chneiderelectric;imes19-1s_firmware;2
chneiderelectric;ime119-1vp_firmware;2
chneiderelectric;imes19-1i_firmware;2
chneiderelectric;quantum_ethernet_module_140noe77111;2
chneiderelectric;quantum_ethernet_module_140noe77101;2
chneiderelectric;ecostruxure_power_scada_operation;2
chneiderelectric;imes19-1vs;2
chneiderelectric;foxboro_dcs;2
chneiderelectric;bmeh582040_firmware;2
chneiderelectric;imes19-1vs_firmware;2
chneiderelectric;ixe31;2
chneiderelectric;bmxp342020;2
chneiderelectric;bmep584040_firmware;2
chneiderelectric;ime3122-b1i_firmware;2
chneiderelectric;imes19-1vi;2
chneiderelectric;bmep582040;2
chneiderelectric;ime319-1vi;2
chneiderelectric;ime219-1vs_firmware;2
chneiderelectric;imp1110-1er_firmware;2
chneiderelectric;ime3122-1p;2
chneiderelectric;premium_ethernet_module_tsxp575634m;2
chneiderelectric;wonderware_archestra_logger;2
chneiderelectric;evlink_charging_station;2
chneiderelectric;imp219-1e_firmware;2
chneiderelectric;ibp319-1er_firmware;2
chneiderelectric;stb_dio_ethernet_module_stbnic2212;2
chneiderelectric;telvent_sage_3030_firmware;2
chneiderelectric;bmxp342030;2
chneiderelectric;bmep582040h;2
chneiderelectric;wiser_for_knx_firmware;2
chneiderelectric;ime219-1p;2
chneiderelectric;ime319-1vs;2
chneiderelectric;struxureware_building_operations_automation_server_as-p_firmware;2
chneiderelectric;somove_lite;2
chneiderelectric;foxboro_evo;2
chneiderelectric;ibp1110-1er;2
chneiderelectric;imp519-1;2
chneiderelectric;powerlogic_pm5560_firmware;2
chneiderelectric;ixe11;2
chneiderelectric;bmxnor0200;2
chneiderelectric;ixes1_firmware;2
chneiderelectric;micom_s1_studio;2
chneiderelectric;software_update_utility;2
chneiderelectric;ime3122-1ei_firmware;2
chneiderelectric;bmeh586040_firmware;2
chneiderelectric;ofs_test_client_tlxcdltofs33;2
chneiderelectric;bmxp342000;2
chneiderelectric;pl7_pro;2
chneiderelectric;opc_factory_server_tlxcdluofs;2
chneiderelectric;ime319-1ep;2
chneiderelectric;bmep581020_firmware;2
chneiderelectric;wonderware_intouch_2014;2
chneiderelectric;ap9631;2
chneiderelectric;ibps110-1er_firmware;2
chneiderelectric;vampset;2
chneiderelectric;ime219-1s_firmware;2
chneiderelectric;ime319-b1p_firmware;2
chneiderelectric;evlink_parking_firmware;2
chneiderelectric;ime319-1ei_firmware;2
chneiderelectric;u.motion;2
chneiderelectric;imt25_magnetic_flow_dtm;2
chneiderelectric;ime219-1ep_firmware;2
chneiderelectric;opc_factory_server_tlxcdstofs;2
chneiderelectric;ime319-1s_firmware;2
chneiderelectric;imp319-1e;2
chneiderelectric;ime3122-1es;2
chneiderelectric;wonderware_intouch_access_anywhere_2014;2
chneiderelectric;bmxp341000h;2
chneiderelectric;powerlogic_scada;2
chneiderelectric;ime3122-1ei;2
chneiderelectric;magelis_xbt_hmi;2
chneiderelectric;opc_factory_server_tlxcdlfofs;2
chneiderelectric;imps110-1_firmware;2
chneiderelectric;ime3122-1vs_firmware;2
chneiderelectric;imes19-1es_firmware;2
chneiderelectric;powersuite;2
chneiderelectric;ime319-b1p;2
chneiderelectric;modicom_quantum_firmware;2
chneiderelectric;bmep583040;2
chneiderelectric;modicon_m340_firmware;2
chneiderelectric;etg3000_factorycast_hmi_gateway_firmware;2
chneiderelectric;ime219-1vp_firmware;2
chneiderelectric;vijeo_citect;2
chneiderelectric;magelis_gtu_universal_panel_firmware;2
chneiderelectric;tsxetg3010;2
chneiderelectric;imp319-1_firmware;2
chneiderelectric;pro-face_gp-pro_ex;2
chneiderelectric;modbus_firmware;2
chneiderelectric;ime319-b1i_firmware;2
chneiderelectric;unityloader;2
chneiderelectric;bmep582040s_firmware;2
chneiderelectric;ion8800;2
chneiderelectric;ime319-1p_firmware;2
chneiderelectric;ime119-1s_firmware;2
chneiderelectric;ixe31_firmware;2
chneiderelectric;modbuscommdtm_sl;2
chneiderelectric;wonderware_indusoft_web_studio;2
chneiderelectric;bmep582040s;2
chneiderelectric;proclima;2
chneiderelectric;device_type_manager;2
chneiderelectric;modicom_bmxnor0200h;2
chneiderelectric;citect_anywhere;2
chneiderelectric;imes19-1ei;2
chneiderelectric;ecostruxure_power_monitoring_expert;2
chneiderelectric;monitor_pro;2
chneiderelectric;bmx\\/e_cra_firmware;2
chneiderelectric;ime219-1i;2
chneiderelectric;ibp319-1er;2
chneiderelectric;bmep585040c;2
chneiderelectric;wonderware_intelligence;2
chneiderelectric;ime219-1es;2
chneiderelectric;igss_mobile;2
chneiderelectric;imp1110-1;2
chneiderelectric;ion8650;2
chneiderelectric;ime3122-1p_firmware;2
chneiderelectric;bmep583020_firmware;2
chneiderelectric;ime3122-1vs;2
chneiderelectric;ime319-1ep_firmware;2
chneiderelectric;imp219-1e;2
chneiderelectric;bmenoc0301;2
chneiderelectric;ofs_test_client_tlxcdsuofs33;2
chneiderelectric;concept;2
chneiderelectric;magelis_xbt_gk_advanced_touchscreen_panel_with_keyboard_firmware;2
chneiderelectric;smart-ups_srt_5kva_firmware;2
chneiderelectric;modicon_premium;2
chneiderelectric;premium_ethernet_module_tsxp57163m;2
chneiderelectric;magelis_sto5_small_panel_firmware;2
chneiderelectric;opc_factory_server;2
chneiderelectric;ime119-1i;2
chneiderelectric;ixes1;2
chneiderelectric;ap9631_firmware;2
chneiderelectric;imp219-1;2
chneiderelectric;iiot_monior;2
chneiderelectric;imps110-1e_firmware;2
chneiderelectric;telvent_rtu_firmware;2
chneiderelectric;ime319-1vp_firmware;2
chneiderelectric;ofs_test_client_tlxcdluofs33;2
chneiderelectric;d6230l_firmware;2
chneiderelectric;bmeh584040;2
chneiderelectric;ime119-1vs_firmware;2
chneiderelectric;140cra312xxx;2
chneiderelectric;imes19-1vi_firmware;2
chneiderelectric;modicon_m580;2
chneiderelectric;m340_firmware;2
chneiderelectric;struxureware_scada_expert_vijeo_citect;2
chneiderelectric;imp519-1e;2
chneiderelectric;premium_ethernet_module_tsxp576634m;2
chneiderelectric;homelynk_controller_lss100100_firmware;2
chneiderelectric;modicon_quantum_plc;2
chneiderelectric;modicom_premium_firmware;2
chneiderelectric;tsxetg3022;2
chneiderelectric;ime319-1vs_firmware;2
chneiderelectric;ime219-1vp;2
chneiderelectric;ime3122-1ep;2
chneiderelectric;bmep582020h;2
chneiderelectric;ion7300;2
chneiderelectric;triconex_tristation_emulator;2
chneiderelectric;quantum_ethernet_module_140cpu65150;2
chneiderelectric;ime119-1i_firmware;2
chneiderelectric;bmxnoe0100h;2
chneiderelectric;ime319-1i;2
chneiderelectric;citectfacilities;2
chneiderelectric;pl7;2
chneiderelectric;imes19-1s;2
chneiderelectric;modicon_tm221ce16r_firmware;2
chneiderelectric;pro-face_gp_pro_ex;2
chneiderelectric;ime119-1ep;2
chneiderelectric;bmep584020_firmware;2
chneiderelectric;bmeh586040;2
chneiderelectric;bmeh582040c;2
chneiderelectric;ime119-1es;2
chneiderelectric;ime219-1ei_firmware;2
chneiderelectric;bmxp3420302;2
chneiderelectric;wonderware_intouch_access_anywhere_server;2
chneiderelectric;connexium_firmware;2
chneiderelectric;bmep584040;2
chneiderelectric;m580_firmware;2
chneiderelectric;ime119-1vi;2
chneiderelectric;homelynk;2
chneiderelectric;pelco_digital_sentry_video_management_system_firmware;2
chneiderelectric;evlink_charging_station_firmware;2
chneiderelectric;bmep586040;2
chneiderelectric;imp519-1e_firmware;2
chneiderelectric;ime319-1s;2
chneiderelectric;ime319-1es_firmware;2
chneiderelectric;accutech_manager;2
chneiderelectric;magelis_xbt_gt_advanced_touchscreen_panel_firmware;2
chneiderelectric;struxureon_gateway;2
chneiderelectric;bmenoc0301_firmware;2
chneiderelectric;ap9635;2
chneiderelectric;imps110-1;2
chneiderelectric;modicon_premium_firmware;2
chneiderelectric;bmxp3420102;2
chneiderelectric;struxureware_data_center_operation;2
chneiderelectric;tburjr900_firmware;2
chneiderelectric;wiser_for_knx;2
chneiderelectric;ime119-1s;2
chneiderelectric;opc_factory_server_tlxcdsuofs;2
chneiderelectric;ime319-1p;2
chneiderelectric;ime3122-b1p;2
chneiderelectric;ibp219-1er_firmware;2
chneiderelectric;ibp219-1er;2
chneiderelectric;ofs_test_client_tlxcdstofs33;2
chneiderelectric;imes19-1p;2
chneiderelectric;imes19-1p_firmware;2
chneiderelectric;m340_ethernet_module_bmxp342020;2
chneiderelectric;ime3122-b1s_firmware;2
chneiderelectric;ime3122-1s_firmware;2
chneiderelectric;kerweb;2
chneiderelectric;ap9630_firmware;2
chneiderelectric;premium_ethernet_module_tsxp574634m;2
chneiderelectric;bmep585040_firmware;2
chneiderelectric;magelis_gto_advanced_optimum_panel_firmware;2
chneiderelectric;ime219-1vs;2
chneiderelectric;powerlogic_pm5560;2
chneiderelectric;pelco_ds-nv;2
chneiderelectric;imp319-1er;2
chneiderelectric;d6220l_firmware;2
chneiderelectric;ime3122-b1p_firmware;2
chneiderelectric;ime319-1es;2
chneiderelectric;ime3122-1s;2
chneiderelectric;ap9635_firmware;2
chneiderelectric;imp219-1_firmware;2
chneiderelectric;ixe21;2
chneiderelectric;quantum_ethernet_module_140cpu65160;2
chneiderelectric;quantum_ethernet_module_140cpu65260;2
chneiderelectric;bmxcra31210c;2
chneiderelectric;imes19-1ep_firmware;2
chneiderelectric;powerlogic_pm8ecc_firmware;2
chneiderelectric;modicom_quantum;2
chneiderelectric;struxureware_data_center_expert;2
chneiderelectric;citectscada;2
chneiderelectric;bmxp3420302h;2
chneiderelectric;ime3122-1vp;2
chneiderelectric;sft2841;2
chneiderelectric;ime119-1vi_firmware;2
chneiderelectric;stb_dio_ethernet_module_stbnip2311;2
chneiderelectric;premium_ethernet_module_tsxety5103;2
chneiderelectric;wonderware_historian_client;2
chneiderelectric;stb_dio_ethernet_module_stbnip2212;2
chneiderelectric;modicon_m241_firmware;2
chneiderelectric;bmep586040_firmware;2
chneiderelectric;imp519-1_firmware;2
chneiderelectric;bmxnoe0110;2
chneiderelectric;ion7600;2
chneiderelectric;bmeh582040;2
chneiderelectric;imp319-1er_firmware;2
chneiderelectric;ime3122-1i;2
chneiderelectric;guicon;2
chneiderelectric;ime319-b1s;2
chneiderelectric;ion5000;2
chneiderelectric;ime119-1ep_firmware;2
chneiderelectric;magelis_xbt_gh_advanced_hand-held_panel_firmware;2
chneiderelectric;imp219-1er_firmware;2
chneiderelectric;interactive_graphical_scada_system;2
chneiderelectric;ime219-1es_firmware;2
chneiderelectric;struxureware_powerscada_expert;2
chneiderelectric;bmep586040c;2
chneiderelectric;bmep584040s;2
chneiderelectric;m340_plc_firmware;2
chneiderelectric;modicom_m340;2
chneiderelectric;powersuite_2;2
chneiderelectric;ime219-1i_firmware;2
chneiderelectric;ap9630;2
chneiderelectric;modicon_m221;2
chneiderelectric;modicon_quantum;2
chneiderelectric;quantum_ethernet_module_140noe77100;2
chneiderelectric;bmeh584040c;2
chneiderelectric;imes19-1vp;2
chneiderelectric;imp1110-1e;2
chneiderelectric;ime119-1es_firmware;2
chneiderelectric;clearscada;2
chneiderelectric;bmxp342020h;2
chneiderelectric;d6220l;2
chneiderelectric;indusoft_web_studio;2
chneiderelectric;premium_ethernet_module_tsxp573634m;2
chneiderelectric;modicom_bmxnor0200h_firmware;2
chneiderelectric;imps110-1e;2
chneiderelectric;modicon_m221_firmware;2
chneiderelectric;zelio_soft_2;2
chneiderelectric;ime119-1p_firmware;2
chneiderelectric;imp319-1;2
chneiderelectric;conext_combox_865-1058_firmware;2
chneiderelectric;ibp519-1er_firmware;2
chneiderelectric;bmxnoe0100;2
chneiderelectric;spacelynk_firmware;2
chneiderelectric;powerscada_anywhere;2
chneiderelectric;d6220;2
chneiderelectric;telemecanique_driver_pack;2
chneiderelectric;scada_expert_clearscada;2
chneiderelectric;iiot_monitor;2
chneiderelectric;evlink_parking;2
chneiderelectric;bmep582020_firmware;2
chneiderelectric;bmep584020;2
chneiderelectric;wonderware_system_platform_2014;2
chneiderelectric;imp1110-1e_firmware;2
chneiderelectric;ime3122-1vi_firmware;2
chneiderelectric;imp219-1er;2
chneiderelectric;modicom_premium;2
chneiderelectric;modicon_quantum_firmware;2
chneiderelectric;modicom_m340_firmware;2
chneiderelectric;ime219-1vi_firmware;2
chneiderelectric;ime219-1p_firmware;2
chneiderelectric;imp1110-1_firmware;2
chneiderelectric;bmep581020;2
chneiderelectric;imes19-1ep;2
chneiderelectric;ime319-1vi_firmware;2
chneiderelectric;imes19-1vp_firmware;2
chneiderelectric;tableau_desktop;2
chneiderelectric;somove;2
chneiderelectric;ibp519-1er;2
chneiderelectric;ime3122-1vp_firmware;2
chneiderelectric;somachine_hvac_firmware;2
chneiderelectric;bmep582040_firmware;2
chneiderelectric;ime319-1i_firmware;2
chneiderelectric;ion7500;2
chneiderelectric;ime319-b1i;2
chneiderelectric;tableau_server;2
chneiderelectric;ime319-b1s_firmware;2
chneiderelectric;ime319-1vp;2
chneiderelectric;somachine_basic;2
chneiderelectric;bmep582020;2
chneiderelectric;imes19-1ei_firmware;2
chneiderelectric;imp519-1er;2
chneiderelectric;ofs_test_client_tlxcdlfofs33;2
chneiderelectric;struxureware_building_operations_automation_server_as_firmware;2
chneiderelectric;foxview;2
chneiderelectric;citectscada_reports;2
chneiderelectric;imp519-1er_firmware;2
chneiderelectric;bmxnoe0110h;2
chneiderelectric;modicon_m580_firmware;2
chneiderelectric;ime219-1ei;2
chneiderelectric;opc_factory_server_tlxcdltofs;2
chneiderelectric;bmxcra31200;2
chneiderelectric;tburjr900;2
chneiderelectric;magelis_stu_small_panel_firmware;2
chneiderelectric;imps110-1er_firmware;2
chneiderelectric;ixe11_firmware;2
chneiderelectric;ibp1110-1er_firmware;2
sysstat;sysstat;2
pancake;zina;2
pluck;pluck;2
sandisk;cruzer_enterprise_usb;2
libesmtp;libesmtp;2
razerone;synapse;2
tamu;tiger;2
semanticscuttle;semanticscuttle;2
libtom;libtomcrypt;2
electron;electron;2
zte;zxdsl_831;2
zte;zxdsl_831cii;2
efiction;efiction;2
deluge;deluge;2
firebird;firebird;2
borg;borg;2
csphere;clansphere;2
gastebuch;gastebuch;2
tutos;tutos;2
asg;asg-sentry;2
phpmailer;phpmailer;2
grigoriadis;mini_web_server;2
ntteast;rv-440mi_firmware;3
ntteast;pr-400mi_firmware;3
ntteast;rt-400mi_firmware;3
ntteast;pr-400mi;2
ntteast;fall_creators_update;2
pyopenssl;pyopenssl;2
kde;kmail;2
optipng;optipng;2
weechat;weechat;2
seasar;mayaa;2
yardradius;yard_radius;2
kalptarudemos;php_site_lock;2
n13news;n-13_news;2
hexchat;hexchat;2
donho;notepad++;2
interact;interact;2
w1fi;wpa_supplicant;2
eyeos;eyeos;2
libgit2;libgit2;2
denyhosts;denyhosts;2
robloach;sharethis;2
phpcms;phpcms;2
kailashnadh;boastmachine;2
leptoncms;lepton;2
rssowl;rssowl;2
hylafax;hylafax;2
saxon;saxon;2
ajaxsoftwares;alipager;2
quixplorer;quixplorer;2
gpac;gpac;2
jquery;jquery_ui;2
dinkumsoft;dl_paycart;2
mcgallery;mcgallery;2
2wire;homeportal;2
lxlabs;hypervm;2
scriptsfrenzy;e-uploader_pro;2
sahana;sahana;2
sdl;sdl_image;2
chiyu;bf-660c;2
alsaplayer;alsaplayer;2
gstreamer;gstreamer;2
busybox;busybox;2
allenthusiast;reviewpost_php_pro;2
bearshare;bearshare;2
freerdp;freerdp;2
magentocommerc;magento;3
wolfcms;wolf_cms;2
humax;hg100r_firmware;2
exim;exim;2
saralblog;saralblog;2
acgvnews;acgv_news;2
twibright;links;2
bftpd;bftpd;2
kryo;iodine;2
vtun;vtun;2
phpwiki;phpwiki;2
torrentflux;torrentflux;2
esignal;esignal;2
bluedragon;servletexec;2
bluedragon;bluedragon;2
ninjaforms;ninja_forms;2
fuse;fuse;2
whitedune;white_dune;2
futurxe;futurxe;2
truelogik;truegalerie;2
libpng;libpng;2
subtext;subtext;2
sqlledger;sql-ledger;2
fish;fish;2
phppc;php_poll_creator;2
rwcinc;free_realty;2
cacti;cacti;2
fastjar;fastjar;2
tor;tor;2
dji;newsbin_pro;2
davfs2;davfs2;2
extrosoft;thyme;2
linux;util-linux;2
linux;linux_kernel;2
teamst;testlink;2
mimedefang;mimedefang;2
univert;phpleague;2
maianrecipe;maian_recipe;3
maianrecipe;maian_support;2
maianrecipe;maian_search;2
maianrecipe;maian_guestbook;2
maianrecipe;maian_uploader;2
maianrecipe;maian_weblog;2
maianrecipe;maian_music;2
maianrecipe;maian_greeting;2
maianrecipe;maian_greetings;2
maianrecipe;maian_gallery;2
maianrecipe;maian_links;2
maianrecipe;maian_cart;2
shemes;grabit;2
paramiko;paramiko;2
vim;vim;2
asus;rt-ac53_firmware;2
asus;rt-n16_firmware;2
asus;rt-ac68u;2
asus;rt-ac66u_firmware;2
asus;rt-ac3200;2
asus;asuswrt-merlin;2
asus;rt-n66u_firmware;2
asus;rt-ac68u_firmware;2
asus;rt-ac58u_firmware;2
asus;rt-n56u_firmware;2
asus;rt-ac3200_firmware;2
ephiphanyheathdata;cardio_server;2
ghostscript;ghostscript;2
zpanel;zpanel;2
xfire;xfire;2
socat;socat;2
abeel;simple_php_agenda;2
secureideas;base;2
secureideas;basic_analysis_and_security_engine;2
bestpractical;request_tracker;2
smb4k;smb4k;2
eterm;eterm;2
fedora;networkmanager;2
fedora;python-fedora;2
fedora;fedora;2
fedora;dracut;2
fedora;389_directory_server;2
fedora;crypto-utils;2
fedora;fedmsg;2
fedora;spin-kickstarts;2
fedora;arm_installer;2
fedora;commons;2
fedora;fedora_release_rawhide;2
fedora;389_administration_server;2
fedora;anaconda;2
fedora;sssd;2
fedora;fedora_core;2
fedora;coolkey;2
fedora;libnm-util;2
w3m;w3m;2
parodia;parodia;2
parodia;cactushop;2
getsymphony;symphony_cms;2
gonafish;linkscaffe;2
dojotoolkit;dojo_toolkit;2
journalness;journalness;2
sendmail;sendmail;2
haxx;curl;3
haxx;libcurl;3
guppy;guppy;2
rsync;rsync;2
chromium;chromium;2
opensuse;leap;2
opensuse;suse_linux_enterprise_server;2
opensuse;suse_linux_enterprise_desktop;2
opensuse;opensuse;2
opensuse;suse_linux_enterprise_software_development_kit;2
sy9;serendipity;3
aguestbook;an_guestbook;2
tooltipy;tooltipy;2
drusus;logsurfer;2
o2php;oxygen;2
terachartsproject;tera-charts;2
netious;netious_cms;2
postrev;post_revolution;2
avantforce;avant_browser;2
cakephp;cakephp;2
qbik;wingate;2
winace;unace;2
gforge;gforge;2
mageiaorg;mageia;3
drbenhur;dbhcms;2
awstats;awstats;2
alcatel;omniswitch;2
mosquitto;mosquitto;2
metinfo;metinfo;2
mybb;mybb;2
planetluc;rateme;2
imagemagick;graphicsmagick;2
martinwood;datafeed_studio;2
mpg123;mpg123;2
phpcoin;phpcoin;2
pfsense;pfsense;2
craftysyntax;crafty_syntax_live_help;2
aspcms;aspcms;2
aspapps;aspticker;2
ecshop;ecshop;2
borland;interbase;2
cat;antivirus_pro;2
cat;cat_quickheal;2
cat;antivirus_plus_2009;2
cat;total_security;2
cat;internet_security;2
cat;total_security_2009;2
projectpier;projectpier;2
sylpheed;sylpheed;2
buffalo;wmr-433_firmware;2
buffalo;wnc01wh_firmware;2
wavpack;wavpack;2
lynx;lynx;2
zainu;zainu;2
appneta;tcpreplay;2
gnome;libsoup;2
sogo;sogo;2
libtiff;libtiff;2
cherokee;cherokee;2
webcalendar;webcalendar;2
stoverud;phphotoalbum;2
acdsee;photo_editor;3
acdsee;canvas_draw;2
acdsee;acdsee;2
acdsee;acdsee_photo_manager;2
laobancms;laobancms;2
dcpportal;dcp-portal;2
deongeorge;phpldapadmin;2
fenrir;sleipnir;2
fusionphp;fusion_news;2
punbb;punbb;2
yzmcms;yzmcms;2
seacms;seacms;2
southriver;webdrive;2
southriver;titan_ftp_server;2
xen;xen;2
preproject;pre_podcast_portal;3
preproject;pre_news_manager;2
preproject;pre_e-learning_portal;2
preproject;pre_ads_portal;2
preproject;pre_printing_press;2
preproject;pre_real_estate_listings;2
preproject;pre_classified_listings_asp;2
preproject;pre_online_tests_generator;2
preproject;e-smart_cart;2
preproject;php_jobwebsite_pro;2
preproject;pre_classifieds_listings;2
preproject;pre_job_board;2
preproject;business_cards_designer;2
preproject;pre_shopping_mall;2
preproject;pre_resume_submitter;2
preproject;pre_classified_listings;2
preproject;pre_dynamic_institution;2
ultraedit;ultraedit;2
zeeways;zeeproperty;2
rarlab;rar;2
myphp;myphp_forum;2
nssldap;nss_ldap;2
giombetti;phppowercards;2
zomp;zomplog;2
myiosoft;ajaxportal;2
radscan;conquest;2
castlerock;snmpc;2
saphp;saphplesson;3
imager;imager;2
cuttlefish;leicestershire_communityportals;2
mantis;mantis;2
afflib;afflib;2
webasyst;shop-script;2
servu;serv-u;2
npm;npm;2
dovecot;dovecot;2
bloofox;bloofoxcms;3
hypermail;hypermail;3
twilightcms;twilight_cms;2
fscripts;fantastic_news;2
myevent;myevent;2
ariadne;ariadne_cms;2
clamavs;clamav;2
numara;footprints;2
playsms;playsms;2
exif;exif;2
bluez;bluez;2
rssh;rssh;2
tin;tin;2
lcds;laquis_scada;2
dameware;mini_remote_control;2
izarc;izarc;2
icq;icq;2
libgadu;libgadu;2
obm;open_business_management;2
geeklog;geeklog;2
chicomas;chicomas;2
hola;holacms;2
gnuplot;gnuplot;2
bitchx;bitchx;2
icab;icab;2
noah;noah;2
xpdf;xpdf;2
kmint21;golden_ftp_server;2
ubuntu;ubuntu_linux;2
ubuntu;ubuntu;2
simpgb;simpgb;2
caupo;cauposhop_pro;2
caupo;cauposhop_classic;2
xscreensaver;xscreensaver;2
yiisoftware;yii;2
geneweb;geneweb;2
mamboserver;mambo;3
wwwcount;wwwcount;2
matrixssl;matrixssl;2
libbpg;libbpg;2
websitebaker;website_baker;2
websitebaker;websitebaker;2
cerberus;ftp_server;2
flip;flip;2
mysql;mysql;2
adbnewssender;adbnewssender;2
wikidforum;wikidforum;2
webglimpse;webglimpse;2
dxm2008;xm_easy_personal_ftp_server;2
bytehoard;bytehoard;2
litespeedtech;litespeed_web_server;2
linuxha;heartbeat;2
gallery;gallery;3
ovbb;ovbb;2
soundexchange;sound_exchange;2
taglib;taglib;2
gleezcms;gleez_cms;2
express;express;2
bedita;bedita;2
tonec;internet_download_manager;2
rancher;rancher;2
myfirewallplus;my_firewall_plus;2
edgewall;trac;3
ntfs3g;ntfs-3g;2
telegram;telegram_desktop;2
ocean12tech;membership_manager_pro;2
libsass;libsass;2
libvirt;libvirt;2
ircu;ircu;2
czaries;czarnews;2
phpmychat;phpmychat;3
phpmychat;phpmychat_plus;3
antiword;antiword;2
file;file;2
morequick;greenbrowser;2
digium;asterisk_appliance_developer_kit;2
digium;s800i;2
digium;asterisknow;2
digium;asterisk_business_edition;2
digium;certified_asterisk;2
digium;open_source;2
digium;asterisk;2
powerzip;powerzip;2
vdr;vdr;2
sane;sane;2
ortro;ortro;2
joomla;com_idoblog;2
zoneosoft;phptraffica;2
tug;tetex;2
xperience;sandsurfer;2
pgp;openpgp;2
guildftpd;guildftpd;2
phpthumb;phpthumb;2
redhat;freeipa;2
nexusphp;nexusphp;2
lfs;live_for_speed;2
sixapart;movable_type_open_source;2
nikto;nikto;2
newsboard;unclassified_newsboard;2
puppet;puppet_enterprise;2
puppet;puppet;2
puppet;mcollective;2
phpechocms;phpecho_cms;2
ietf;internet_key_exchange;2
oxid;eshop;2
mobilesecure;highwall_endpoint;2
mobilesecure;highwall_enterprise;2
nginx;nginx;2
zoph;zoph;2
gtetrinet;gtetrinet;2
afian;filerun;2
pearlabs;mafia_moblog;2
8pixel;simple_blog;2
pamssh;pam_ssh;2
jaxbot;jaxultrabb;2
sup;sup;2
cups;cups;2
genixcms;genixcms;2
phsdev;phsblog;2
openssl;openssl;2
wordnet;wordnet;2
mylittleforum;my_little_forum;2
mirc;mirc;2
arm;arm_trusted_firmware;2
scoop;scoop;2
tinyproxy;tinyproxy;2
zsh;zsh;2
icdevgroup;interchange;2
betella;podcast_generator;3
wiki;dokuwiki;2
washingtonuniversity;wu-ftpd;2
varnishprojectslinpro;varnish;3
horde;horde_groupware;2
horde;turba;2
horde;horde;2
wikiwig;wikiwig;2
unreal;unrealircd;2
wgcc;web_group_communication_center;2
netapp;data_ontap;2
gomlab;gom_player;2
akamai;download_manager;2
caucho;resin;2
bea;aqualogic_interaction;2
bea;weblogic_server;2
bea;weblogic_portal;2
acme;thttpd;2
acme;mini_httpd;2
softcart;softcart;2
magmi;magmi;2
faqomatic;faq-o-matic;2
twitter;twitter;2
opennms;opennms;2
tecnick;tcexam;2
proftpd;proftpd;2
creabook;crea-book;2
tinc;tinc;2
ratbox;ircd-ratbox;2
xlightftpd;xlight_ftp_server;2
ngircd;ngircd;2
brickhost;phpscheduleit;2
ilias;ilias;2
arvidn;libtorrent;2
googledocembedder;google_doc_embedder;2
ikonboard;ikonboard;2
rxvt;rxvt;2
cvs;cvs;2
pagekit;pagekit;2
fishnet;fishcart;2
kth;heimdal;2
netpbm;netpbm;2
finecms;finecms;2
onefilecms;onefilecms;2
7zip;7-zip;2
selomofori;blackmoon_ftp_server;2
kaspersky;kaspersky_anti-virus;2
kaspersky;kaspersky_internet_security_2010;2
kaspersky;kaspersky_internet_security;2
memcached;memcached;2
bluecms;bluecms;2
nessus;nessus;2
deskpro;deskpro;2
aria;aria;2
jobmanager;job_manager;2
opera;opera;2
grayscale;bandsite_cms;2
talkback;talkback;2
wine;wine;2
badblue;badblue;2
qmail;qmail;2
berkeley;pmake;2
xajax;xajax;2
bluecoat;k9_web_protection;2
csound;csound;2
pagure;pagure;2
webdav;neon;2
rxvtunicode;rxvt-unicode;2
textsend;textsend;2
mruby;mruby;2
simplecms;simple_cms;2
reviewscript;five_star_review_script;2
wuzhicms;wuzhi_cms;2
loudblog;loudblog;2
sage;sage;3
xerver;xerver;2
misp;misp;3
misp;malware_information_sharing_platform;2
ettercap;ettercap;2
microtik;routeros;2
uvnc;ultravnc;2
dotnetnuke;dotnetnuke;2
elastix;elastix;2
xnview;xnview;2
gazatem;gnews_publisher;2
buzzywall;buzzywall;2
ssmtp;ssmtp;2
connman;connman;2
