nctsoft;2
eyeos;2
bluez_project;5
twig;1
acme;8
sarg;3
pedro_lineu_orso;6
cakephp;2
immcoin;1
deon_george;4
yard_radius_project;1
libvorbis;2
xiph;11
xiph.org;8
jaxbot;1
gsi_project;2
ajhyip;1
aj_square;15
arvidn;1
andy_lo-a-foe;1
hostapd;1
vtun;1
katello;7
justsystem;7
ichitaro;2
sandsurfer;1
eterm;2
martinwood;1
teamst;4
adbnewssender_project;1
phpbb;48
phpbb++;1
phpbb2;1
phpb2b;1
my_firewall_plus;1
varnish_http_accelerator_integration_project;1
varnish.projects.linpro;2
nessus;13
saphp;2
saphplesson;1
dvd-x-player;1
hacksoft;1
phpalbum;3
php_album;1
xfire;1
south_river_technologies;5
south_river;1
3s-smart;1
3ssoftware;4
3s-smart_software_solutions;1
accunetix;1
gnuplot_project;1
telaxius;7
telaxus_llc;1
jabber2;1
jabberstudio;5
dojo_toolkit;1
dojofoundation;1
sysstat_project;2
jonathon_freeman;1
ovbb;1
larry_wall;13
xinehq;1
jon_howell;1
antiword;1
rssowl;1
sup;2
selinux_project;3
gom_player;2
mcms;1
postnuke;2
pnphpbb;2
post_revolution;1
mamboserver;3
mambo-foundation;13
pandora;1
npm;1
ktools;6
xensource;4
xensource_inc;6
afian;2
webtoolkit;1
opensuse;119
craftysyntax;3
scandisk;1
chamanet;1
2wire_inc;1
sage.mozdev;1
sage-mozdev;2
squid;42
clipbucket_project;1
tetex;12
memcachedb;4
laobancms_project;1
newatlanta;1
new_atlanta;1
python-requests;2
express;1
shibboleth_project;1
browserweb;1
deluge_team;1
flip;1
dameware;3
contiki-ng_project;1
dji;1
numarasoftware;1
ceph_project;1
bea_systems;14
php.brickhost;1
hiox;1
pandorafms;2
buffalo_inc;1
buffalotech;13
openssl_project;6
zpanel;4
hexagontoken;1
projectpier_project;1
quassel;1
torproject;16
pluck;5
raiden_professional_servers;3
raidenftpd;1
imager;1
softcart;1
libexif_project;1
cat_soft;3
jetty;7
mortbay_jetty;4
abeel;1
simple_php_agenda_project;1
phppgadmin_project;1
punkbuster;1
mobilesecure;1
scripts_frenzy;2
scriptsfrenzy.com;1
cce-interact;3
xorg;1
invisible-island;2
xfree86;2
x;57
xterm;1
holacms;1
freerealty.rwcinc;1
free_realty;3
ixprim-cms;1
sylpheed_project;1
meeting_room_booking_software;1
mx-system;2
gonafish.com;1
speedtouch;1
betella;1
loudblog;2
pizzashack;3
dinkumsoft.com;1
badblue;4
the_gimp_team;6
trident_software;1
courier-mta;1
jaspersoft;1
way_to_the_web;1
phpleague_-_univert;1
chmlib;1
wpdownloadmanager;1
lester_chan;1
xajax-project;1
playsms_project;1
my_little_forum;1
mylittleforum;7
mirion_technologies;1
whmcompletesolution;2
alexander_clauss;1
seacms_project;1
nongnu;7
solmetra;1
basic_analysis_and_security_engine;1
kevin_johnson;2
geneweb;1
alcatel;14
nss_ldap;1
jasper;5
metalgenix;16
the-rat-cms;1
sellatsite.com;1
xlightftpd;2
sahanafoundation;1
online_armor;1
ettercap;2
mingw-w64;1
bti-tracker;5
btitracker;2
sy9;1
serendipity;5
truegalerie;1
bluecms;1
pagure_project;1
w3m;5
webasyst;3
o2php.com;2
webbdomian;1
fishcart;1
kaspersky;36
optipng_project;3
razerone;2
csound;1
andreas_gohr;14
wiki;2
intermesh;1
czaries;1
white_dune_project;1
luca_deri;4
kirby;1
pharoscontrols;1
phppc;1
tcpreplay;1
avamar_virtual_edition;1
esignal;1
bytehoard;2
gv;3
gcc;1
xemacs;2
gnutls;1
gzip;5
internet_scout_project;2
libvncserver_project;3
virtual_private_server;1
skype;5
all_in_one_control_panel;1
phpcoin;2
clearswift_limited;2
ilm;2
windows;2
groove;5
microsft;2
libbpg;1
bearshare;1
gtetrinet;1
firebird;2
magentocommerc;1
magentocommerce;2
wine;2
wavpack_project;4
freerdp_project;4
alexguestbook;1
matisbt;1
more_quick_tools;1
musicboxv2;1
git_project;3
zenhelpdesk;1
xscreensaver_project;1
guildftpd;1
drbenhur;1
ckeditor;7
vim_development_group;8
netgate;4
openpgp;2
ivan_zahariev;1
exophpdesk;1
exoscripts;2
opera_software;75
happycgi.com;1
quickheal;4
quick_heal;6
phpthumb;1
chromium_project;1
libsass;11
bblog;1
ifax_solutions;1
rob_schultz;1
media_player_classic;4
mostang;1
seasar;1
gastebuch;1
unbound;3
net_dns;2
nlnet_labs;2
nelogic;1
yzmcms_project;2
deskpro;4
saralblog;1
cryptography.io;1
parodia;1
cactushop;1
whm_autopilot;1
taglib;2
holger_zimmermann;1
pierreegougelet;2
cclamav;1
timo_sirainen;3
konqueror;1
phpmailer;2
flatnuke3;4
ephiphanyheathdata;1
geert_moernaut;1
pyopenssl;1
zziplib;1
ocean12tech;6
chiyu;1
foolabs;24
e-merge;3
active_trade;1
active_web_softwares;9
ewebquiz;1
high_availability_linux_project;2
mcgallerypro;1
libgsf;1
morcego;1
adalis_infomatique;1
electron;1
omidrouhani;2
clan_manager_pro;1
vxsearch;1
acutecp;1
mm_forum;1
schneider_electric;23
chneider-electric;1
sipp;1
rickard_andersson;1
fantastic_news;1
chaozzatwork;1
bscw;1
jason_geiger;1
8pixel;1
cups;10
blackmoonftpserver;1
woocommerce;1
borg_project;1
mpg123_project;1
rxvt-unicode;2
elsa;1
vamsoft;1
rsync;3
wolfram;2
iain_lea;1
xrms_crm_project;2
xrms_crm;1
ortro;1
jabberd;1
jabber;3
andrew_j.korty;1
seatle_lab_software;1
slmail;1
sogo;2
onefilecms_project;1
zero_cms;2
cgi;1
mimedefang;1
technote_inc;2
netrisk;3
mono_project;3
mono-project;1
zsh_project;3
weechat;2
pro.setun;1
eztechhelp_company;1
ceruleanstudios;6
trillian;2
invisionpower;16
katy_whitton;1
katy_whitton_web_development;1
palace;1
phpwebsite_development_team;1
gazatem;1
simon_rycroft;2
file;4
hypervm;1
vba32;1
sharethis;1
ikonboard;2
git_for_windows_project;1
sdl;2
fontforge;1
trixbox;3
adultscript;2
flashblog;1
ubuntu;91
sos_project;1
blue_coat_systems;2
blue_coat;8
xia_zuojie;1
henning_stoverud;1
pivotal;15
tuxera;1
ban;1
bogofilter_project;1
acd_systems;4
acdsystems;6
wikiwig_project;1
peersec_networks;2
openwebmail.acatysmoof;1
treble_designs;2
1024cms;1
anibal_monsalve_salaz;1
eset_software;19
libzip2;1
png_reference_library;1
kiwi_project;1
redirection_project;1
bacula-web;1
asterisk;48
exif;1
red_hat;11
freeipa;11
moinmoin;18
zomp;2
nordicwind;1
zainu;2
fish;1
awbs;2
total_online_solutions;1
gd_graphics_library;6
don_ho;1
tonec;1
efiction;3
isamu_kaneko;1
cloudfoundary;3
cloud_foundary;1
cloud_foundry;6
phsblog;1
getsymphony;4
e-zone_media;1
websitebaker2;2
website_baker;6
litespeed_technologies;2
lepton-cms;4
bloofox;3
bloo;3
finecms;12
ksoffice;1
tooltipy_project;1
smb4k_project;1
icq;7
bento4;18
lyris_technologies_inc;6
gravityboardx;4
zen_cart;15
asp4cms;1
aspcms;1
id;1
job_manager;1
review-script.com;1
cherokee-project;4
simon_tatham;9
wojtek_kaniewsk;1
borland;3
vastal_i-tech;14
netatalk_project;1
castle_rock;1
conquest;1
idojoomla;1
truecrypt;2
downloadmanager;1
ilias_project;2
maian_recipe;1
maian_script_world;4
svgalib;2
mysql;261
grayscalecms;3
best_practical_solutions;3
ntt_east;2
ntt_west;2
latex2rtf;1
gero_kohnert;2
aspticker;1
marc_giombetti;1
php_heaven;5
phpmychat;2
pagekit_project;1
navigatecms;1
aflog.org;1
xfig_project;1
university_of_arizona;2
movabletype;5
six_apart;13
qmail;1
picoflat;1
igor_pavlov;2
netpbm_project;2
chicomas;1
igor_sysoev;10
acgv.free;2
docebolms;4
alliedtelesis;2
yii_software;1
gleezcms;3
ietf;4
raphael_limbach;1
socat;1
sumeffect;1
n-13_news;1
rxvt_project;1
drew_withers;1
csphere;3
network_appliance;3
heimdal;3
afflib_project;1
looknstop;1
telegram_desktop;1
cuttlefish;1
kmint21;2
ivano_binetti;1
x7chat;1
simple_cms;1
opennms.org;2
rapidstream;3
fuse_project;2
rubyzip;1
myiosoft.com;3
rezgo_project;1
e-board;1
myphp;2
shopex;1
letodms;2
subtext;1
bitrix_project;1
blogphp;5
insane_visions;5
kryo;1
ethercash_project;1
akamai;2
asuswrt-merlin_project;6
caupo;1
an_guestbook;2
tecnick.com;3
edgewall;2
eonweb_project;1
unreal;3
metasploit;2
berkeley_softworks;1
preprojects.com;3
preproject;8
pre_projects;5
file_upload_manager;1
microtik;2
tinyproxy_project;1
devscripts;1
lg_project;4
eric_allman;15
emuleplus;1
web_crossing;1
phil_schwartz;1
martin_roesch;1
pnews_systems;1
university_of_cambridge;10
siteframe;3
twibright_labs;1
wink;1
apache_software_foundation;5
elastic;16
oliver_project;1
washington_university;22
kgb_project;1
dolphin;1
cirt.net;1
libvirt_project;1
ansible;3
libcurl;4
curl;8
systrace;1
humax;1
boesch_it-consulting;3
simpgb;3
h&h;1
h+h;1
real;5
blue_eye_cms;1
lynx;5
mosquitto_project;1
nucleuscms;3
nucleus_cms;4
drusus;1
open_source_security_information_management;2
mirc;6
wordnet;1
kindeditor;1
bftpd_project;1
web-news;1
mplayerhq;6
mplayer2;1
open_business_management;1
d-bus;3
wuzhi_cms_project;9
bitcoin_knots_project;1
twitter_project;1
cerberusftp;5
christian_ghisler;1
total_commander;1
moby;1
modernbill;2
kernel;23
lms;2
mageia.org;1
mageia_project;14
php-wiki;1
phpwiki_project;2
gallery;4
galleryproject;1
magmi_project;1
tigran_abrahamyan;1
castor_project;1
jjwdesign;1
xmb_software;7
libtomcrypt;1
pancake.org;1
ninjaforma;1
gecad_technologies;3
metinfo_project;5
shemes;1
rob_landley;1
dws_systems_inc.;7
dcp-portal;2
whisper;1
laurent_destailleur;1
fusion_news;1
hexchat;1
planetluc.com;1
webvdav;1
phpbb-portal;1
phpbbportal;1
lhaplus_project;1
ultraedit;1
dm_computer_solutions;1
libtiff_project;12
shim_project;1
proftpd;14
hypermail;1
hypermail_development;1
connman_project;1
helpdesk_software;2
caucho;8
allenthusiast;1
alex_project;1
torrentflux_project;1
itcms;3
buzzywall;1
kalptarudemos;2
zteusa;5
dxm2008;1
micheal_lamont;1
fabrice_bellard;7
silent_runner;1
vnc;2
christian_weiske;1
sharman_networks;1
sound_exchange_project;4
netious;1
cws;1
xkbcommon_project;2
xyhcms;1
muhammad_a._muquit;1
saxon;1
google_doc_embedder;1
aladdin_enterprises;6
geeklog_project;1
pxsystem;1
libesmtp;1
winamp;6
puppet;18
myevent;1
elastix;1
live_for_speed;2
dokeos_project;1
tvdr;1
webwizguide;5
web_wiz;4
titanhq;1
zeescripts;4
libexpat_project;2
ryan_walberg;1
ircu;1
web_group_communication_center;1
sleuth_kit;1
the_sleuth_kit;1
pearlabs;1
icdevgroup;2
twiglightcms;1
quixplorer;1
e-tax.nta;1
roostercode_ajax_softwares;1
phpcms_project;1
newsboard;2
futurxe;1
article_script;1
davfs2;1
bedita;2
commercial_interactive_media;1
apport;1
sierra;3
paramiko;2
freeguppy;1
fedora_project;1
fedora;6
libssh2;2
misp;6
misp_project;1
hardened-php;1
tiger;1
asg;1
colten_edwards;4
phptraffica;1
webcalendar_project;2
dbsoftlab;1
db_software_laboratory;1
barton;1
arm_trusted_firmware_project;1
mail-masta;4
wingate;1
grigoriadis;1
ariadne-cms;1
adcon_telemetry;1
saleslogix;1
libgit2;3
openedit_inc;1
extrovert_software;2
knot_dns_project;1
allegro;1
quicksoft;2
rubyforge;2
accounting_receiving_and_inventory_administration;1
ratbox;1
fastjar;1
abiword;1
netop;1
gstreamer_project;17
avantbrowser;1
jqueryui;1
rarsoft;1
wikidforum_project;1
scms_project;1
crear;1
bitcoincore;1
streber;1
oxid;4
mybboard;6
shadowed_works;1
gpac_project;2
boastmachine;7
arkeia;1
the_cacti_group;15
offl;1
tinc;2
carsen_klock;1
gforgegroup;1
fourtwosevenbb;2
tera_charts_plugin_project;1
mruby_project;1
fenrir;7
trend_micro;124
foxit_software;1
zakon_group;1
rockwell_automation;1
easy-scripts;5
wim_leers;1
westerndigital;1
qcms;2
dlink;49
digital_hive;1
palo_alto_networks;6
epicgames;2
red-gate;1
sierra_wireless;5
chipmunk-scripts;4
phoenix_contact;1
aruba_networks;4
php-fusion;23
kyocera_mita;1
i-o_data;1
cmsfaethon;1
e-php_scripts;1
micro_focus;6
scripts_for_sites;2
php_nuke;2
php-nuke;26
cms_made_simple;1
skull-splitter;1
phpwebscripts;5
grafx_software;1
fuji_xerox;2
pro_chat_rooms;2
pablosoftwaresolutions;1
django_project;7
dteenergy;1
avast!;3
avas!t;1
altn;3
openemr;7
pulp_project;1
ultra_shareware;2
webdorado;1
multi-tech;1
bjsintay;2
php-sugar;1
hanwhasecurity;1
utopiasoftware;1
w3b_cms;1
adnforum;1
simplemachines;15
asp_indir;7
arab_portal;5
fusetalk.;1
mr._cgi_guy;5
opensc-project;5
little_cms;1
turnkeywebtools;5
ezb_systems;2
easy-cms;1
easy_cms;2
the_kelleys;1
cambium_networks;3
mitsubishielectric;4
valvesoftware;5
sourceworkshop;1
phpsurveyor;2
panda_security;1
tipsandtricks-hq;1
ignite_realtime;7
pilot_group;3
joachim-ruhs;1
phparena;1
simpleinvoices;1
plainblack;2
full_revolution;3
agaresmedia;1
focus-sis;1
raven_php_scripts;1
apache_friends;3
netart_media;8
net_art_media;2
podsfoundation;1
intersectalliance;1
cyber-ark;1
jbmc-software;4
barracudanetworks;2
phpwebquest;1
puppet_master;1
frank_mancuso;1
opensolution;10
php_jabbers;1
public_warehouse;1
blogator-script;2
php_kobo;3
wp_statistics;1
phpstats;1
arbornetworks;1
phpbbxs;1
us_robotics;1
midnight-commander;1
indexscript;1
phpbluedragon;2
id_automation;1
php_pro_bid;2
haroldbakker;2
allen_disk_project;2
thenetguys;3
visicom_media;1
web_app.net;1
core_ftp;1
sqlite_manager;2
phpicalendar;4
dr.web;2
diangemilang;1
erik_webb;1
tft_gallery;2
truzone;1
ots_labs;1
vp-asp;1
linux_web_shop;2
pctools;3
design_for_joomla;1
mole_group;5
secure_computing;2
cre_loaded;3
michael_roth_software;1
ja-sig;1
develop_it_easy;2
iyziforum;1
v3chat;3
openftpd;1
choice_wireless;1
nchsoftware;1
frogcms_project;6
help_center_live;1
tiny_portal;1
cowonamerica;1
xzeroscripts;3
asp_siteware;1
ntt_tocomo;1
phppost;1
mod_security;3
laytontechnology;1
wsnlinks;1
blackice;2
yblog;1
cluster_resources;2
free_download_manager;2
brothersoft;1
cms_auditor_website_project;1
ubi_soft;1
mh_products;1
parkview_consultants;1
automatedsolutions;1
wecon;2
gasoft;1
php_link_directory;2
bradford_networks;1
keil_software;1
avscripts;2
implied_by_design;1
pam-mysql;1
frank_karau;1
neo_japan;1
blogcms;2
orbit_downloader;2
lorex_technology;1
socialengine;3
cj-design;1
tgs_cms;1
cgi_rescue;6
hotspotexpress;1
bsd_perimeter;1
pragmaticutopia;1
codecrafters;1
pocket_pc;1
cruxsoftware;2
freelance_auction;1
carbon_communities;2
pacosdrivers;1
claws_mail;1
php_multiple_newsletters;1
todd_woolums;1
call_center_software;1
softwebs_nepal;1
matteolucarelli;1
flds-script;1
ldap_account_manager;2
phplivesupport;1
icodollar_project;1
goodtechsystems;1
rocketchat;1
express-cart_project;1
emon-cms;1
mid.as;1
phd;1
php-collab;3
webmediaexplorer;1
php_directory_source;1
ourvideocms;1
svendecabooter;1
direct_news;1
baal_systems;1
phpdirector;2
future_nuke;1
nicholasthompson;1
blair_williams;1
fox-it;1
mario_valdez;1
.matteoiammarrone;1
openclassifieds;1
levelten_interactive;1
phphandicapper;1
3d-ftp;1
inout_scripts;1
internet-soft;1
